시/도,군/구,지역명,ID,URL
고창군,기타,구시포항,343,https://www.badatime.com/343/tide
고창군,기타,대장리,114,https://www.badatime.com/114/tide
고창군,기타,동호항,344,https://www.badatime.com/344/tide
고창군,기타,쌍여도,1352,https://www.badatime.com/1352/tide
고창군,기타,좌치나루터,1347,https://www.badatime.com/1347/tide
군산시,기타,개야도,522,https://www.badatime.com/522/tide
군산시,기타,관리도방파제,1365,https://www.badatime.com/1365/tide
군산시,기타,군산,120,https://www.badatime.com/120/tide
군산시,기타,군산1부두,184,https://www.badatime.com/184/tide
군산시,기타,군산내항,119,https://www.badatime.com/119/tide
군산시,기타,군산연도항,117,https://www.badatime.com/117/tide
군산시,기타,군산죽도,122,https://www.badatime.com/122/tide
군산시,기타,대장도,1364,https://www.badatime.com/1364/tide
군산시,기타,말도항,116,https://www.badatime.com/116/tide
군산시,기타,명도방파제,1366,https://www.badatime.com/1366/tide
군산시,기타,무녀도항,1362,https://www.badatime.com/1362/tide
군산시,기타,방축도,349,https://www.badatime.com/349/tide
군산시,기타,비안도,187,https://www.badatime.com/187/tide
군산시,기타,비응항,118,https://www.badatime.com/118/tide
군산시,기타,선유도,115,https://www.badatime.com/115/tide
군산시,기타,신시도방파제,1361,https://www.badatime.com/1361/tide
군산시,기타,십이동파도,186,https://www.badatime.com/186/tide
군산시,기타,야미도,348,https://www.badatime.com/348/tide
군산시,기타,어청도,124,https://www.badatime.com/124/tide
군산시,기타,장자도방파제,1363,https://www.badatime.com/1363/tide
군산시,기타,직도,185,https://www.badatime.com/185/tide
당진시,기타,가곡리,436,https://www.badatime.com/436/tide
당진시,기타,대난지도,369,https://www.badatime.com/369/tide
당진시,기타,도비도방파제,1413,https://www.badatime.com/1413/tide
당진시,기타,삽교호,373,https://www.badatime.com/373/tide
당진시,기타,석문방조제,620,https://www.badatime.com/620/tide
당진시,기타,성구미,371,https://www.badatime.com/371/tide
당진시,기타,소난지도,1414,https://www.badatime.com/1414/tide
당진시,기타,왜목항,180,https://www.badatime.com/180/tide
당진시,기타,용무치선착장,619,https://www.badatime.com/619/tide
당진시,기타,장고항,370,https://www.badatime.com/370/tide
당진시,기타,창리,131,https://www.badatime.com/131/tide
당진시,기타,풍도항,146,https://www.badatime.com/146/tide
당진시,기타,한진리,148,https://www.badatime.com/148/tide
당진시,기타,한진선착장,622,https://www.badatime.com/622/tide
목포시,기타,달리도,425,https://www.badatime.com/425/tide
목포시,기타,목포,105,https://www.badatime.com/105/tide
목포시,기타,목포북항,516,https://www.badatime.com/516/tide
목포시,기타,목포신항,560,https://www.badatime.com/560/tide
목포시,기타,신의항,1306,https://www.badatime.com/1306/tide
목포시,기타,외달도여객선,1303,https://www.badatime.com/1303/tide
목포시,기타,율도,1304,https://www.badatime.com/1304/tide
무안군,기타,대사리,566,https://www.badatime.com/566/tide
무안군,기타,도리포,189,https://www.badatime.com/189/tide
무안군,기타,도원,1312,https://www.badatime.com/1312/tide
무안군,기타,도원리,426,https://www.badatime.com/426/tide
무안군,기타,성내리,472,https://www.badatime.com/472/tide
무안군,기타,신월항,563,https://www.badatime.com/563/tide
무안군,기타,용정리,340,https://www.badatime.com/340/tide
무안군,기타,월두,1317,https://www.badatime.com/1317/tide
무안군,기타,조금나루,565,https://www.badatime.com/565/tide
무안군,기타,탄도,1315,https://www.badatime.com/1315/tide
무안군,기타,톱머리,589,https://www.badatime.com/589/tide
무안군,기타,홀통,335,https://www.badatime.com/335/tide
보령시,기타,고대도,1377,https://www.badatime.com/1377/tide
보령시,기타,녹도항,350,https://www.badatime.com/350/tide
보령시,기타,대천항,126,https://www.badatime.com/126/tide
보령시,기타,무창포항,236,https://www.badatime.com/236/tide
보령시,기타,밤섬,982,https://www.badatime.com/982/tide
보령시,기타,보령,127,https://www.badatime.com/127/tide
보령시,기타,삽시도,352,https://www.badatime.com/352/tide
보령시,기타,선촌,1375,https://www.badatime.com/1375/tide
보령시,기타,소도,128,https://www.badatime.com/128/tide
보령시,기타,송도방조제,1371,https://www.badatime.com/1371/tide
보령시,기타,송학도,1370,https://www.badatime.com/1370/tide
보령시,기타,송학항,1369,https://www.badatime.com/1369/tide
보령시,기타,오천항,355,https://www.badatime.com/355/tide
보령시,기타,외연도항,125,https://www.badatime.com/125/tide
보령시,기타,원산도,353,https://www.badatime.com/353/tide
보령시,기타,월도,1384,https://www.badatime.com/1384/tide
보령시,기타,월전죽도,524,https://www.badatime.com/524/tide
보령시,기타,육도,1383,https://www.badatime.com/1383/tide
보령시,기타,육도,1415,https://www.badatime.com/1415/tide
보령시,기타,장고도방파제,1379,https://www.badatime.com/1379/tide
보령시,기타,저두,1372,https://www.badatime.com/1372/tide
보령시,기타,진고지,1374,https://www.badatime.com/1374/tide
보령시,기타,초전항,1373,https://www.badatime.com/1373/tide
보령시,기타,추도,1381,https://www.badatime.com/1381/tide
보령시,기타,허륙도,1382,https://www.badatime.com/1382/tide
보령시,기타,호도,351,https://www.badatime.com/351/tide
보령시,기타,효자도,1376,https://www.badatime.com/1376/tide
보령시,대멀항구,대멀항구,1378,https://www.badatime.com/1378/tide
보령시,수룡항포구,수룡항포구,433,https://www.badatime.com/433/tide
부안군,기타,가력도항,347,https://www.badatime.com/347/tide
부안군,기타,거륜도,1356,https://www.badatime.com/1356/tide
부안군,기타,격포항,430,https://www.badatime.com/430/tide
부안군,기타,곰소항,188,https://www.badatime.com/188/tide
부안군,기타,궁항,1351,https://www.badatime.com/1351/tide
부안군,기타,대형제도,1353,https://www.badatime.com/1353/tide
부안군,기타,모항방파제,1349,https://www.badatime.com/1349/tide
부안군,기타,벌금항,1357,https://www.badatime.com/1357/tide
부안군,기타,변산반도,237,https://www.badatime.com/237/tide
부안군,기타,상록,1350,https://www.badatime.com/1350/tide
부안군,기타,상왕등도,464,https://www.badatime.com/464/tide
부안군,기타,석금방파제,1355,https://www.badatime.com/1355/tide
부안군,기타,성천,1360,https://www.badatime.com/1360/tide
부안군,기타,식도,1358,https://www.badatime.com/1358/tide
부안군,기타,왕포,1348,https://www.badatime.com/1348/tide
부안군,기타,위도,112,https://www.badatime.com/112/tide
부안군,기타,임수도,1354,https://www.badatime.com/1354/tide
부안군,기타,작당항,345,https://www.badatime.com/345/tide
부안군,기타,죽막방파제,1359,https://www.badatime.com/1359/tide
부안군,기타,줄포,346,https://www.badatime.com/346/tide
부안군,기타,하섬,431,https://www.badatime.com/431/tide
부안군,기타,하왕등도,113,https://www.badatime.com/113/tide
서산시,기타,간월도항,129,https://www.badatime.com/129/tide
서산시,기타,고파도항,367,https://www.badatime.com/367/tide
서산시,기타,구도항,363,https://www.badatime.com/363/tide
서산시,기타,대산,145,https://www.badatime.com/145/tide
서산시,기타,삼길포항,144,https://www.badatime.com/144/tide
서산시,기타,서산A지구방조제,1393,https://www.badatime.com/1393/tide
서산시,기타,서산B지구방조제,1397,https://www.badatime.com/1397/tide
서산시,기타,오지리,137,https://www.badatime.com/137/tide
서산시,기타,왕산포,626,https://www.badatime.com/626/tide
서산시,기타,우무도,143,https://www.badatime.com/143/tide
서산시,기타,웅도,240,https://www.badatime.com/240/tide
서산시,기타,황금산갯바위,624,https://www.badatime.com/624/tide
서천군,기타,다사항,182,https://www.badatime.com/182/tide
서천군,기타,마서면,183,https://www.badatime.com/183/tide
서천군,기타,서천마량,123,https://www.badatime.com/123/tide
서천군,기타,월하리,1368,https://www.badatime.com/1368/tide
서천군,기타,장항,121,https://www.badatime.com/121/tide
서천군,기타,홍원항,523,https://www.badatime.com/523/tide
시흥시,기타,상가리도,174,https://www.badatime.com/174/tide
시흥시,기타,오이도,380,https://www.badatime.com/380/tide
시흥시,월곶포구,월곶포구,162,https://www.badatime.com/162/tide
신안군 비금면 | 도초면,기타,가산,1286,https://www.badatime.com/1286/tide
신안군 비금면 | 도초면,기타,도초도,468,https://www.badatime.com/468/tide
신안군 비금면 | 도초면,기타,도초도이곡,461,https://www.badatime.com/461/tide
신안군 비금면 | 도초면,기타,돈목항,517,https://www.badatime.com/517/tide
신안군 비금면 | 도초면,기타,비금도가산,475,https://www.badatime.com/475/tide
신안군 비금면 | 도초면,기타,비금도수대,94,https://www.badatime.com/94/tide
신안군 비금면 | 도초면,기타,수치도,1285,https://www.badatime.com/1285/tide
신안군 비금면 | 도초면,기타,시목해변,1283,https://www.badatime.com/1283/tide
신안군 비금면 | 도초면,기타,우이도항,89,https://www.badatime.com/89/tide
신안군 비금면 | 도초면,기타,원평항,95,https://www.badatime.com/95/tide
신안군 비금면 | 도초면,기타,원평항,1287,https://www.badatime.com/1287/tide
신안군 신의면 | 하의면,기타,개도,1278,https://www.badatime.com/1278/tide
신안군 신의면 | 하의면,기타,고사도,328,https://www.badatime.com/328/tide
신안군 신의면 | 하의면,기타,기도,1267,https://www.badatime.com/1267/tide
신안군 신의면 | 하의면,기타,능산도,93,https://www.badatime.com/93/tide
신안군 신의면 | 하의면,기타,대야도,462,https://www.badatime.com/462/tide
신안군 신의면 | 하의면,기타,문병도,1279,https://www.badatime.com/1279/tide
신안군 신의면 | 하의면,기타,신도,1282,https://www.badatime.com/1282/tide
신안군 신의면 | 하의면,기타,신안옥도,463,https://www.badatime.com/463/tide
신안군 신의면 | 하의면,기타,장병도,1280,https://www.badatime.com/1280/tide
신안군 신의면 | 하의면,기타,장재도,1281,https://www.badatime.com/1281/tide
신안군 신의면 | 하의면,기타,평사도,104,https://www.badatime.com/104/tide
신안군 신의면 | 하의면,기타,하의도서측,459,https://www.badatime.com/459/tide
신안군 신의면 | 하의면,기타,하의도오림,476,https://www.badatime.com/476/tide
신안군 신의면 | 하의면,기타,하의도웅곡,98,https://www.badatime.com/98/tide
신안군 암태면 | 자은면,기타,당사도,1300,https://www.badatime.com/1300/tide
신안군 암태면 | 자은면,기타,신석리,588,https://www.badatime.com/588/tide
신안군 암태면 | 자은면,기타,암태남강,1296,https://www.badatime.com/1296/tide
신안군 암태면 | 자은면,기타,암태도,460,https://www.badatime.com/460/tide
신안군 암태면 | 자은면,기타,오도,1299,https://www.badatime.com/1299/tide
신안군 암태면 | 자은면,기타,자은도,325,https://www.badatime.com/325/tide
신안군 암태면 | 자은면,기타,추포도,326,https://www.badatime.com/326/tide
신안군 압해읍,기타,가란도,1309,https://www.badatime.com/1309/tide
신안군 압해읍,기타,구도,1308,https://www.badatime.com/1308/tide
신안군 압해읍,기타,나룻가,1314,https://www.badatime.com/1314/tide
신안군 압해읍,기타,매화도,333,https://www.badatime.com/333/tide
신안군 압해읍,기타,복길,1311,https://www.badatime.com/1311/tide
신안군 압해읍,기타,분매리,519,https://www.badatime.com/519/tide
신안군 압해읍,기타,숭의,1310,https://www.badatime.com/1310/tide
신안군 압해읍,기타,압해도,1307,https://www.badatime.com/1307/tide
신안군 압해읍,기타,압해송공항,332,https://www.badatime.com/332/tide
신안군 압해읍,기타,외안도,1302,https://www.badatime.com/1302/tide
신안군 압해읍,기타,우간도,1313,https://www.badatime.com/1313/tide
신안군 압해읍,기타,청돌,1322,https://www.badatime.com/1322/tide
신안군 장산면,기타,마진도,1261,https://www.badatime.com/1261/tide
신안군 장산면,기타,북강,1262,https://www.badatime.com/1262/tide
신안군 장산면,기타,북강수도,96,https://www.badatime.com/96/tide
신안군 장산면,기타,앤두항,190,https://www.badatime.com/190/tide
신안군 장산면,기타,율도,518,https://www.badatime.com/518/tide
신안군 장산면,기타,장산도,422,https://www.badatime.com/422/tide
신안군 증도면 | 임자면,기타,검산항,427,https://www.badatime.com/427/tide
신안군 증도면 | 임자면,기타,광암나루터,1328,https://www.badatime.com/1328/tide
신안군 증도면 | 임자면,기타,대기점도,1324,https://www.badatime.com/1324/tide
신안군 증도면 | 임자면,기타,몰암도,1326,https://www.badatime.com/1326/tide
신안군 증도면 | 임자면,기타,병풍도,1325,https://www.badatime.com/1325/tide
신안군 증도면 | 임자면,기타,병풍도남측,562,https://www.badatime.com/562/tide
신안군 증도면 | 임자면,기타,소기점도,1323,https://www.badatime.com/1323/tide
신안군 증도면 | 임자면,기타,소악도,1321,https://www.badatime.com/1321/tide
신안군 증도면 | 임자면,기타,수도,469,https://www.badatime.com/469/tide
신안군 증도면 | 임자면,기타,이흑암리,590,https://www.badatime.com/590/tide
신안군 증도면 | 임자면,기타,임자도진리,107,https://www.badatime.com/107/tide
신안군 증도면 | 임자면,기타,재원도,337,https://www.badatime.com/337/tide
신안군 증도면 | 임자면,기타,전장포항,338,https://www.badatime.com/338/tide
신안군 증도면 | 임자면,기타,증도,336,https://www.badatime.com/336/tide
신안군 증도면 | 임자면,기타,증도버지,1327,https://www.badatime.com/1327/tide
신안군 증도면 | 임자면,기타,증도우전,561,https://www.badatime.com/561/tide
신안군 증도면 | 임자면,기타,하우리항,1332,https://www.badatime.com/1332/tide
신안군 증도면 | 임자면,기타,화도,526,https://www.badatime.com/526/tide
신안군 지도읍,기타,당말,1330,https://www.badatime.com/1330/tide
신안군 지도읍,기타,사옥도,1329,https://www.badatime.com/1329/tide
신안군 지도읍,기타,선도리,334,https://www.badatime.com/334/tide
신안군 지도읍,기타,송도하탑,428,https://www.badatime.com/428/tide
신안군 지도읍,기타,어의도,1333,https://www.badatime.com/1333/tide
신안군 지도읍,기타,율도,1260,https://www.badatime.com/1260/tide
신안군 지도읍,기타,자동리,108,https://www.badatime.com/108/tide
신안군 지도읍,기타,점암,471,https://www.badatime.com/471/tide
신안군 지도읍,기타,지신개,564,https://www.badatime.com/564/tide
신안군 지도읍,기타,참도,470,https://www.badatime.com/470/tide
신안군 지도읍,기타,포작도,1334,https://www.badatime.com/1334/tide
신안군 팔금면 | 안좌면,기타,고산방파제,1298,https://www.badatime.com/1298/tide
신안군 팔금면 | 안좌면,기타,구대리,1273,https://www.badatime.com/1273/tide
신안군 팔금면 | 안좌면,기타,금산,1297,https://www.badatime.com/1297/tide
신안군 팔금면 | 안좌면,기타,내우목도,1275,https://www.badatime.com/1275/tide
신안군 팔금면 | 안좌면,기타,내호리,586,https://www.badatime.com/586/tide
신안군 팔금면 | 안좌면,기타,도례도,1292,https://www.badatime.com/1292/tide
신안군 팔금면 | 안좌면,기타,두리,1270,https://www.badatime.com/1270/tide
신안군 팔금면 | 안좌면,기타,박지도,1268,https://www.badatime.com/1268/tide
신안군 팔금면 | 안좌면,기타,반월도,1272,https://www.badatime.com/1272/tide
신안군 팔금면 | 안좌면,기타,부소도,1265,https://www.badatime.com/1265/tide
신안군 팔금면 | 안좌면,기타,북지,1291,https://www.badatime.com/1291/tide
신안군 팔금면 | 안좌면,기타,북진방파제,1295,https://www.badatime.com/1295/tide
신안군 팔금면 | 안좌면,기타,사치,1289,https://www.badatime.com/1289/tide
신안군 팔금면 | 안좌면,기타,상사치도,1288,https://www.badatime.com/1288/tide
신안군 팔금면 | 안좌면,기타,소마진도,1293,https://www.badatime.com/1293/tide
신안군 팔금면 | 안좌면,기타,안좌도,474,https://www.badatime.com/474/tide
신안군 팔금면 | 안좌면,기타,외우목도,1277,https://www.badatime.com/1277/tide
신안군 팔금면 | 안좌면,기타,요력도,423,https://www.badatime.com/423/tide
신안군 팔금면 | 안좌면,기타,읍동,1294,https://www.badatime.com/1294/tide
신안군 팔금면 | 안좌면,기타,자라도,1264,https://www.badatime.com/1264/tide
신안군 팔금면 | 안좌면,기타,팔금도,473,https://www.badatime.com/473/tide
신안군 팔금면 | 안좌면,기타,팔금도장촌,587,https://www.badatime.com/587/tide
신안군 팔금면 | 안좌면,기타,하사치도,1290,https://www.badatime.com/1290/tide
신안군 흑산면,기타,가거도,90,https://www.badatime.com/90/tide
신안군 흑산면,기타,다물도,1242,https://www.badatime.com/1242/tide
신안군 흑산면,기타,만재도,514,https://www.badatime.com/514/tide
신안군 흑산면,기타,상태도,513,https://www.badatime.com/513/tide
신안군 흑산면,기타,신안가거초,567,https://www.badatime.com/567/tide
신안군 흑산면,기타,하태도,97,https://www.badatime.com/97/tide
신안군 흑산면,기타,홍도항,92,https://www.badatime.com/92/tide
신안군 흑산면,기타,흑산도,91,https://www.badatime.com/91/tide
신안군 흑산면,기타,흑산도사리,515,https://www.badatime.com/515/tide
안산시,기타,대부도남서,438,https://www.badatime.com/438/tide
안산시,기타,메추리섬,610,https://www.badatime.com/610/tide
안산시,기타,방아머리,379,https://www.badatime.com/379/tide
안산시,기타,시화호,467,https://www.badatime.com/467/tide
안산시,기타,안산탄도,157,https://www.badatime.com/157/tide
안산시,기타,흥선리선착장,609,https://www.badatime.com/609/tide
영광군,기타,각이도,1341,https://www.badatime.com/1341/tide
영광군,기타,계마항,429,https://www.badatime.com/429/tide
영광군,기타,낙월도,341,https://www.badatime.com/341/tide
영광군,기타,노인도,1344,https://www.badatime.com/1344/tide
영광군,기타,대각시도,1338,https://www.badatime.com/1338/tide
영광군,기타,도음소도,1345,https://www.badatime.com/1345/tide
영광군,기타,법성포,521,https://www.badatime.com/521/tide
영광군,기타,상낙월도,1340,https://www.badatime.com/1340/tide
영광군,기타,석만도,1342,https://www.badatime.com/1342/tide
영광군,기타,설도항,1320,https://www.badatime.com/1320/tide
영광군,기타,송이도,342,https://www.badatime.com/342/tide
영광군,기타,안마도,110,https://www.badatime.com/110/tide
영광군,기타,영광,111,https://www.badatime.com/111/tide
영광군,기타,하낙월도,1339,https://www.badatime.com/1339/tide
영광군,기타,향화도항,339,https://www.badatime.com/339/tide
영광군,기타,횡도,1343,https://www.badatime.com/1343/tide
인천광역시,기타,경인항,442,https://www.badatime.com/442/tide
인천광역시,기타,대무의도,155,https://www.badatime.com/155/tide
인천광역시,기타,세어도,169,https://www.badatime.com/169/tide
인천광역시,기타,소무의도,154,https://www.badatime.com/154/tide
인천광역시,기타,실미도,239,https://www.badatime.com/239/tide
인천광역시,기타,영종대교,223,https://www.badatime.com/223/tide
인천광역시,기타,영종도,159,https://www.badatime.com/159/tide
인천광역시,기타,예단포,440,https://www.badatime.com/440/tide
인천광역시,기타,왕산항,608,https://www.badatime.com/608/tide
인천광역시,기타,용유도,156,https://www.badatime.com/156/tide
인천광역시,기타,인천,158,https://www.badatime.com/158/tide
인천광역시,기타,인천송도,232,https://www.badatime.com/232/tide
인천광역시,기타,작약도방파제,607,https://www.badatime.com/607/tide
인천광역시,기타,잠진도,439,https://www.badatime.com/439/tide
인천광역시,기타,팔미도,153,https://www.badatime.com/153/tide
인천광역시 강화군,기타,강화대교,166,https://www.badatime.com/166/tide
인천광역시 강화군,기타,강화외포,163,https://www.badatime.com/163/tide
인천광역시 강화군,기타,강화하리,1420,https://www.badatime.com/1420/tide
인천광역시 강화군,기타,건평나루,441,https://www.badatime.com/441/tide
인천광역시 강화군,기타,괴리섬,595,https://www.badatime.com/595/tide
인천광역시 강화군,기타,교동도선착장,597,https://www.badatime.com/597/tide
인천광역시 강화군,기타,내리,165,https://www.badatime.com/165/tide
인천광역시 강화군,기타,동검항,605,https://www.badatime.com/605/tide
인천광역시 강화군,기타,매음리,384,https://www.badatime.com/384/tide
인천광역시 강화군,기타,미루지항,599,https://www.badatime.com/599/tide
인천광역시 강화군,기타,미법도,164,https://www.badatime.com/164/tide
인천광역시 강화군,기타,보문선착장,598,https://www.badatime.com/598/tide
인천광역시 강화군,기타,분오리항,604,https://www.badatime.com/604/tide
인천광역시 강화군,기타,서검도,594,https://www.badatime.com/594/tide
인천광역시 강화군,기타,석모도,596,https://www.badatime.com/596/tide
인천광역시 강화군,기타,아차도,161,https://www.badatime.com/161/tide
인천광역시 강화군,기타,어류정항,385,https://www.badatime.com/385/tide
인천광역시 강화군,기타,월선포,382,https://www.badatime.com/382/tide
인천광역시 강화군,기타,주문항,168,https://www.badatime.com/168/tide
인천광역시 강화군,기타,죽산포,383,https://www.badatime.com/383/tide
인천광역시 강화군,기타,항산도,606,https://www.badatime.com/606/tide
인천광역시 강화군,기타,황산도,170,https://www.badatime.com/170/tide
인천광역시 강화군,기타,후포항,381,https://www.badatime.com/381/tide
인천광역시 강화군,더리미포구,더리미포구,603,https://www.badatime.com/603/tide
인천광역시 옹진군,기타,각흘도,614,https://www.badatime.com/614/tide
인천광역시 옹진군,기타,감투섬,600,https://www.badatime.com/600/tide
인천광역시 옹진군,기타,굴업도,139,https://www.badatime.com/139/tide
인천광역시 옹진군,기타,대연평도,173,https://www.badatime.com/173/tide
인천광역시 옹진군,기타,대이작도,611,https://www.badatime.com/611/tide
인천광역시 옹진군,기타,대청도,177,https://www.badatime.com/177/tide
인천광역시 옹진군,기타,덕적도북리,142,https://www.badatime.com/142/tide
인천광역시 옹진군,기타,덕적도진리,141,https://www.badatime.com/141/tide
인천광역시 옹진군,기타,모도,167,https://www.badatime.com/167/tide
인천광역시 옹진군,기타,문갑도,613,https://www.badatime.com/613/tide
인천광역시 옹진군,기타,백령도,178,https://www.badatime.com/178/tide
인천광역시 옹진군,기타,백아도,138,https://www.badatime.com/138/tide
인천광역시 옹진군,기타,벙어리섬,601,https://www.badatime.com/601/tide
인천광역시 옹진군,기타,서포리항,612,https://www.badatime.com/612/tide
인천광역시 옹진군,기타,선갑도,376,https://www.badatime.com/376/tide
인천광역시 옹진군,기타,선재도,378,https://www.badatime.com/378/tide
인천광역시 옹진군,기타,소야도,140,https://www.badatime.com/140/tide
인천광역시 옹진군,기타,소연평도,172,https://www.badatime.com/172/tide
인천광역시 옹진군,기타,소이작도,1416,https://www.badatime.com/1416/tide
인천광역시 옹진군,기타,소청도,387,https://www.badatime.com/387/tide
인천광역시 옹진군,기타,승봉도,171,https://www.badatime.com/171/tide
인천광역시 옹진군,기타,시도항,602,https://www.badatime.com/602/tide
인천광역시 옹진군,기타,신도,386,https://www.badatime.com/386/tide
인천광역시 옹진군,기타,영흥도,151,https://www.badatime.com/151/tide
인천광역시 옹진군,기타,옹진소청초,568,https://www.badatime.com/568/tide
인천광역시 옹진군,기타,울도항,375,https://www.badatime.com/375/tide
인천광역시 옹진군,기타,이작도,152,https://www.badatime.com/152/tide
인천광역시 옹진군,기타,자월도,377,https://www.badatime.com/377/tide
인천광역시 옹진군,기타,장봉항,160,https://www.badatime.com/160/tide
인천광역시 옹진군,기타,지도,615,https://www.badatime.com/615/tide
진도군 군내면 | 고군면,기타,금호방파제,641,https://www.badatime.com/641/tide
진도군 군내면 | 고군면,기타,나리,510,https://www.badatime.com/510/tide
진도군 군내면 | 고군면,기타,내산리,106,https://www.badatime.com/106/tide
진도군 군내면 | 고군면,기타,둔전리,321,https://www.badatime.com/321/tide
진도군 군내면 | 고군면,기타,벌포항,636,https://www.badatime.com/636/tide
진도군 군내면 | 고군면,기타,벽파진,82,https://www.badatime.com/82/tide
진도군 군내면 | 고군면,기타,벽파항,634,https://www.badatime.com/634/tide
진도군 군내면 | 고군면,기타,용호항,637,https://www.badatime.com/637/tide
진도군 군내면 | 고군면,기타,울돌목,479,https://www.badatime.com/479/tide
진도군 군내면 | 고군면,기타,원포리,480,https://www.badatime.com/480/tide
진도군 군내면 | 고군면,기타,죽전리,329,https://www.badatime.com/329/tide
진도군 군내면 | 고군면,기타,회동리,421,https://www.badatime.com/421/tide
진도군 군내면 | 고군면,인성포구,인성포구,635,https://www.badatime.com/635/tide
진도군 조도면,기타,가사도,511,https://www.badatime.com/511/tide
진도군 조도면,기타,가사도,1255,https://www.badatime.com/1255/tide
진도군 조도면,기타,갈목도,1247,https://www.badatime.com/1247/tide
진도군 조도면,기타,곽도,1241,https://www.badatime.com/1241/tide
진도군 조도면,기타,관매도,322,https://www.badatime.com/322/tide
진도군 조도면,기타,관사도,1245,https://www.badatime.com/1245/tide
진도군 조도면,기타,광대도,1258,https://www.badatime.com/1258/tide
진도군 조도면,기타,내병도,1249,https://www.badatime.com/1249/tide
진도군 조도면,기타,눌옥도,1248,https://www.badatime.com/1248/tide
진도군 조도면,기타,대마도,1237,https://www.badatime.com/1237/tide
진도군 조도면,기타,독거도,1231,https://www.badatime.com/1231/tide
진도군 조도면,기타,동거차도,1238,https://www.badatime.com/1238/tide
진도군 조도면,기타,맹골도,1240,https://www.badatime.com/1240/tide
진도군 조도면,기타,모도,1244,https://www.badatime.com/1244/tide
진도군 조도면,기타,몽덕도,1239,https://www.badatime.com/1239/tide
진도군 조도면,기타,상조도,87,https://www.badatime.com/87/tide
진도군 조도면,기타,서거차항,88,https://www.badatime.com/88/tide
진도군 조도면,기타,성남도,323,https://www.badatime.com/323/tide
진도군 조도면,기타,송도,1256,https://www.badatime.com/1256/tide
진도군 조도면,기타,슬도,1233,https://www.badatime.com/1233/tide
진도군 조도면,기타,신의도,324,https://www.badatime.com/324/tide
진도군 조도면,기타,양덕도,1254,https://www.badatime.com/1254/tide
진도군 조도면,기타,외병도,478,https://www.badatime.com/478/tide
진도군 조도면,기타,유금도,1243,https://www.badatime.com/1243/tide
진도군 조도면,기타,주지도,1253,https://www.badatime.com/1253/tide
진도군 조도면,기타,죽항도,1235,https://www.badatime.com/1235/tide
진도군 조도면,기타,진도옥도,512,https://www.badatime.com/512/tide
진도군 조도면,기타,진목도,1246,https://www.badatime.com/1246/tide
진도군 조도면,기타,청등도,1236,https://www.badatime.com/1236/tide
진도군 조도면,기타,탄항도,1232,https://www.badatime.com/1232/tide
진도군 조도면,기타,하조도,86,https://www.badatime.com/86/tide
진도군 조도면,기타,행금도,1234,https://www.badatime.com/1234/tide
진도군 조도면,기타,혈도,1257,https://www.badatime.com/1257/tide
진도군 지산면 | 임회면,기타,굴포항,1228,https://www.badatime.com/1228/tide
진도군 지산면 | 임회면,기타,금노항,1251,https://www.badatime.com/1251/tide
진도군 지산면 | 임회면,기타,복사초,230,https://www.badatime.com/230/tide
진도군 지산면 | 임회면,기타,서망항,79,https://www.badatime.com/79/tide
진도군 지산면 | 임회면,기타,세방리,327,https://www.badatime.com/327/tide
진도군 지산면 | 임회면,기타,세포항,1250,https://www.badatime.com/1250/tide
진도군 지산면 | 임회면,기타,장도,1252,https://www.badatime.com/1252/tide
진도군 지산면 | 임회면,기타,진도항,1229,https://www.badatime.com/1229/tide
진도군 지산면 | 임회면,기타,팽목,85,https://www.badatime.com/85/tide
진도군 진도읍 | 의신면,기타,갑도,80,https://www.badatime.com/80/tide
진도군 진도읍 | 의신면,기타,구자도,639,https://www.badatime.com/639/tide
진도군 진도읍 | 의신면,기타,두룩도,640,https://www.badatime.com/640/tide
진도군 진도읍 | 의신면,기타,밀매도,420,https://www.badatime.com/420/tide
진도군 진도읍 | 의신면,기타,쉬미항,477,https://www.badatime.com/477/tide
진도군 진도읍 | 의신면,기타,저도,1259,https://www.badatime.com/1259/tide
진도군 진도읍 | 의신면,기타,전두리,99,https://www.badatime.com/99/tide
진도군 진도읍 | 의신면,기타,진도수품,84,https://www.badatime.com/84/tide
진도군 진도읍 | 의신면,기타,초평항,638,https://www.badatime.com/638/tide
태안군 남면 | 고남면,기타,거아도,1401,https://www.badatime.com/1401/tide
태안군 남면 | 고남면,기타,곰섬항,465,https://www.badatime.com/465/tide
태안군 남면 | 고남면,기타,구매항,1385,https://www.badatime.com/1385/tide
태안군 남면 | 고남면,기타,드르니항,1399,https://www.badatime.com/1399/tide
태안군 남면 | 고남면,기타,마검포방파제,1400,https://www.badatime.com/1400/tide
태안군 남면 | 고남면,기타,몽산포,525,https://www.badatime.com/525/tide
태안군 남면 | 고남면,기타,안면대교,1398,https://www.badatime.com/1398/tide
태안군 남면 | 고남면,기타,안목도,1404,https://www.badatime.com/1404/tide
태안군 남면 | 고남면,기타,영목항,354,https://www.badatime.com/354/tide
태안군 남면 | 고남면,기타,옷점항,1387,https://www.badatime.com/1387/tide
태안군 남면 | 고남면,기타,장곰포,1386,https://www.badatime.com/1386/tide
태안군 남면 | 고남면,기타,지치섬,1402,https://www.badatime.com/1402/tide
태안군 소원면 | 근흥면,기타,가의도항,133,https://www.badatime.com/133/tide
태안군 소원면 | 근흥면,기타,개목항,629,https://www.badatime.com/629/tide
태안군 소원면 | 근흥면,기타,궁시도,434,https://www.badatime.com/434/tide
태안군 소원면 | 근흥면,기타,꽃섬,632,https://www.badatime.com/632/tide
태안군 소원면 | 근흥면,기타,닭섬,630,https://www.badatime.com/630/tide
태안군 소원면 | 근흥면,기타,마도,1411,https://www.badatime.com/1411/tide
태안군 소원면 | 근흥면,기타,마도방파제,1409,https://www.badatime.com/1409/tide
태안군 소원면 | 근흥면,기타,만리포항,631,https://www.badatime.com/631/tide
태안군 소원면 | 근흥면,기타,모항항,134,https://www.badatime.com/134/tide
태안군 소원면 | 근흥면,기타,문지섬,1405,https://www.badatime.com/1405/tide
태안군 소원면 | 근흥면,기타,북격렬비도,435,https://www.badatime.com/435/tide
태안군 소원면 | 근흥면,기타,석도,616,https://www.badatime.com/616/tide
태안군 소원면 | 근흥면,기타,안가름이,1412,https://www.badatime.com/1412/tide
태안군 소원면 | 근흥면,기타,안흥방파제,1408,https://www.badatime.com/1408/tide
태안군 소원면 | 근흥면,기타,안흥신진도,132,https://www.badatime.com/132/tide
태안군 소원면 | 근흥면,기타,안흥항,1410,https://www.badatime.com/1410/tide
태안군 소원면 | 근흥면,기타,어은돌항,362,https://www.badatime.com/362/tide
태안군 소원면 | 근흥면,기타,연포방파제,1406,https://www.badatime.com/1406/tide
태안군 소원면 | 근흥면,기타,우배도,617,https://www.badatime.com/617/tide
태안군 소원면 | 근흥면,기타,의항항,364,https://www.badatime.com/364/tide
태안군 소원면 | 근흥면,기타,정산포항,633,https://www.badatime.com/633/tide
태안군 소원면 | 근흥면,기타,정죽리,360,https://www.badatime.com/360/tide
태안군 소원면 | 근흥면,기타,채석포항,359,https://www.badatime.com/359/tide
태안군 소원면 | 근흥면,기타,천리포항,135,https://www.badatime.com/135/tide
태안군 소원면 | 근흥면,기타,통개항,361,https://www.badatime.com/361/tide
태안군 소원면 | 근흥면,기타,황골,1407,https://www.badatime.com/1407/tide
태안군 안면읍,기타,나치도,1403,https://www.badatime.com/1403/tide
태안군 안면읍,기타,내포항,1389,https://www.badatime.com/1389/tide
태안군 안면읍,기타,대아도항,432,https://www.badatime.com/432/tide
태안군 안면읍,기타,방포항,358,https://www.badatime.com/358/tide
태안군 안면읍,기타,백사장항,175,https://www.badatime.com/175/tide
태안군 안면읍,기타,안면암,357,https://www.badatime.com/357/tide
태안군 안면읍,기타,외도,130,https://www.badatime.com/130/tide
태안군 안면읍,기타,우포나루터,1396,https://www.badatime.com/1396/tide
태안군 안면읍,기타,황도어항,1395,https://www.badatime.com/1395/tide
태안군 안면읍,기타,황포항,1388,https://www.badatime.com/1388/tide
태안군 이원면 | 원북면,기타,만대항,366,https://www.badatime.com/366/tide
태안군 이원면 | 원북면,기타,민어도,628,https://www.badatime.com/628/tide
태안군 이원면 | 원북면,기타,밤섬,627,https://www.badatime.com/627/tide
태안군 이원면 | 원북면,기타,사창리,368,https://www.badatime.com/368/tide
태안군 이원면 | 원북면,기타,장구섬,625,https://www.badatime.com/625/tide
태안군 이원면 | 원북면,기타,태안,231,https://www.badatime.com/231/tide
태안군 이원면 | 원북면,기타,학암포,136,https://www.badatime.com/136/tide
태안군 이원면 | 원북면,기타,황촌리,365,https://www.badatime.com/365/tide
평택시,기타,아산항,623,https://www.badatime.com/623/tide
평택시,기타,원정리,372,https://www.badatime.com/372/tide
평택시,기타,평택,149,https://www.badatime.com/149/tide
평택시,기타,평택동부두,437,https://www.badatime.com/437/tide
해남군 북일면 | 북평면,기타,남성방파제,664,https://www.badatime.com/664/tide
해남군 북일면 | 북평면,기타,내동리,300,https://www.badatime.com/300/tide
해남군 북일면 | 북평면,기타,내동항,675,https://www.badatime.com/675/tide
해남군 북일면 | 북평면,기타,묵동방파제,667,https://www.badatime.com/667/tide
해남군 북일면 | 북평면,기타,사내방조제,676,https://www.badatime.com/676/tide
해남군 북일면 | 북평면,기타,신홍방파제,668,https://www.badatime.com/668/tide
해남군 북일면 | 북평면,기타,안평방파제,666,https://www.badatime.com/666/tide
해남군 북일면 | 북평면,기타,영전리,583,https://www.badatime.com/583/tide
해남군 북일면 | 북평면,기타,영전항,665,https://www.badatime.com/665/tide
해남군 북일면 | 북평면,기타,장죽도,1230,https://www.badatime.com/1230/tide
해남군 산이면 | 황산면,기타,구성리,319,https://www.badatime.com/319/tide
해남군 산이면 | 황산면,기타,부곡리,320,https://www.badatime.com/320/tide
해남군 산이면 | 황산면,기타,산소항,643,https://www.badatime.com/643/tide
해남군 산이면 | 황산면,기타,성산방파제,642,https://www.badatime.com/642/tide
해남군 산이면 | 황산면,기타,옥동리,83,https://www.badatime.com/83/tide
해남군 산이면 | 황산면,기타,징의항,644,https://www.badatime.com/644/tide
해남군 화산면 | 송지면,기타,갈두항,657,https://www.badatime.com/657/tide
해남군 화산면 | 송지면,기타,갈산방파제,655,https://www.badatime.com/655/tide
해남군 화산면 | 송지면,기타,대섬,527,https://www.badatime.com/527/tide
해남군 화산면 | 송지면,기타,땅끝항,508,https://www.badatime.com/508/tide
해남군 화산면 | 송지면,기타,상마도,81,https://www.badatime.com/81/tide
해남군 화산면 | 송지면,기타,송종리방파제,650,https://www.badatime.com/650/tide
해남군 화산면 | 송지면,기타,송평항,646,https://www.badatime.com/646/tide
해남군 화산면 | 송지면,기타,송호리,304,https://www.badatime.com/304/tide
해남군 화산면 | 송지면,기타,송호항,654,https://www.badatime.com/654/tide
해남군 화산면 | 송지면,기타,어란리,458,https://www.badatime.com/458/tide
해남군 화산면 | 송지면,기타,어란진항,78,https://www.badatime.com/78/tide
해남군 화산면 | 송지면,기타,어불항,649,https://www.badatime.com/649/tide
해남군 화산면 | 송지면,기타,좌일방파제,645,https://www.badatime.com/645/tide
해남군 화산면 | 송지면,기타,평호리,585,https://www.badatime.com/585/tide
해남군 화산면 | 송지면,기타,학가리,559,https://www.badatime.com/559/tide
해남군 화산면 | 송지면,기타,학가항,648,https://www.badatime.com/648/tide
해남군 화원면 | 문내면,기타,구림항,1305,https://www.badatime.com/1305/tide
해남군 화원면 | 문내면,기타,매월리,520,https://www.badatime.com/520/tide
해남군 화원면 | 문내면,기타,별암,331,https://www.badatime.com/331/tide
해남군 화원면 | 문내면,기타,시하도,101,https://www.badatime.com/101/tide
해남군 화원면 | 문내면,기타,양화리,103,https://www.badatime.com/103/tide
해남군 화원면 | 문내면,기타,우수영항,100,https://www.badatime.com/100/tide
해남군 화원면 | 문내면,기타,월내리,102,https://www.badatime.com/102/tide
해남군 화원면 | 문내면,기타,임하리,330,https://www.badatime.com/330/tide
해남군 화원면 | 문내면,기타,주광리,424,https://www.badatime.com/424/tide
해남군 화원면 | 문내면,기타,화봉리,1419,https://www.badatime.com/1419/tide
해남군 화원면 | 문내면,기타,화봉리방파제,1263,https://www.badatime.com/1263/tide
홍성군,기타,궁리항,1392,https://www.badatime.com/1392/tide
홍성군,기타,남당항,356,https://www.badatime.com/356/tide
홍성군,기타,어사어항,1390,https://www.badatime.com/1390/tide
홍성군,기타,연새골,1391,https://www.badatime.com/1391/tide
홍성군,기타,홍성죽도,181,https://www.badatime.com/181/tide
화성시,기타,국화도,147,https://www.badatime.com/147/tide
화성시,기타,궁평항,466,https://www.badatime.com/466/tide
화성시,기타,석천항,621,https://www.badatime.com/621/tide
화성시,기타,입파도,179,https://www.badatime.com/179/tide
화성시,기타,전곡항,618,https://www.badatime.com/618/tide
화성시,기타,제부도,150,https://www.badatime.com/150/tide
화성시,기타,화옹방조제,374,https://www.badatime.com/374/tide
